expected,id
---EEEEEEEE-EEEEEEEETT-EEEEEEEEEEEEEEEEEE-EEEEEE-TT-TS---HHHHHHHHHHHHHHHT--HHHHHHHHHTT-EEEEEEEEEETTHHHHHHHHHTTEEEEETTHHHHHHHHHHHHHHHHT-EEEEEE-HHHHHHHHHHHHHHHHTT--THHHHHHHHHHHHHHHHHHHHHHHT--,1tua
EEEEEEEEE--TTS-HHHHHHHHHHHHHHHHHHHHHHHT---HHHHHTEEEEE----HHHHHHHHHHHHHHHHHHHT---EEEEEEE-TTEEEEEEEEEEE--,1tuv
EEEEEE-TT-EEEEEEE-TTTS-GGGHHTT--T-----TE---HHHHHHHHHHHHHHHHHHHHHHHHEEEEEE---S--HHHHHHHHHHHHHHTT-----EEEEE-T--EEEEEEEEEEETEEEEEEEEEETEEE-,1tvg
HHHHHHHHHHHHHHHHHHTTT-EEEEEEE-TTTS-HHHHHHHHHHHHHHEEEEEEEEE-SSEEEEEETTHHHHHHHHHHHHHHTT---EEEEEEEETS-----EHHHHEEEET-HEEEEEEEEEEEE--HHHHHHHHHHHHHHHHHHTHHHHHHHHHHHHHHHHHHTT--EEEEEET--HHHHHHHHHHHHHHHEE-TEE----T---HHHHHHHHHHHHHHHHHHHHHHHHHHHHHHHHHHHHHHHHHHHHTTT-EEEEEEE-TTTS-HHHHHHHHHHHHHHEEEEEEEEE-SSEEEEEETTHHHHHHHHHHHHHHTT---EEEEEEEETS-----EHHHHEEEET-HEEEEEEEEEEEE--HHHHHHHHHHHHHHHHHHTHHHHHHHHHHHHHHHHHHTT--EEEEEET--HHHHHHHHHHHHHHEEE-T-E----T-HHHHHHHHHHHHHHHHHHHHHHHHHHT--,1twd
HEEEEEEE--EEEEE-EEEEET-EEEEEEEEE--HHHHHHHHHTTT--GTTEEEEEEEEE-HHHHHHHHHTT-EEEEEEETTSEEEEEE--HHHHHHHHHHHHHHT----TTE-----HHHHHHHHHHHHHHHEEEHHHHHHHHHH----EEEEE--TTHHHHHHHHHHHHHHHT-EEEEEEE---HHHHHHHHHHHHHHHHHHHHHT-----HHHHHHHHHHHHHHHHHHHHHHHHHHHHHHH--T---EEEEEEETTTTHHHHHHHT---HHHHHHHHHHHTT-EE-T-HHHHHHHHHHHTT-THHHHHHHHHHHHHHHHHHHHHHHHHHHHHHHHHHHHHT---EE----EETT-EEEEEEEEE--HHHHHHHHHTTT--GTTEEEEEEEEE-HHHHHHHHHTT-EEEEEEETTSEEEEEE--HHHHHHHHHHHHHHT----TTE-----HHHHHHHHHHHHHHHEEEHHHHHHHHHH----EEEEE--TTHHHHHHHHHHHHHHHT-EEEEEEE---HHHHHHHHHHHHHHHHHHHHHT-----HHHHHHHHHHHHHHHHHHHHHHHHHHHHHHH--T---EEEEEEETTTTHHHHHHHT---HHHHHHHHHHHTT-EE-T-HHHHHHHHHHHTT-THHHHHHHHHHHHHHHHHHHHHHHHHHHH-,1txg
--TT--EEEEE-TEEEEEEEEEEEEEEEETS------EEEEEEE-TEEETT-THHHHHEEEEHHHHHHHHHEEEEEEEET--TT-EEEEEEEEEE-----EEEEE--T---HHHHHHHHHHHHHH-TTT--EEEEE--HHHHHHHHHHHHT----EEEEE----EEEHHHTTS-HHHHHHHHHHHHHT--EEEEEE--TTHHHHHT---------TT-EEEEEEEE---HHHHHHHHHHHHHHHH----TEEEEEEEEEEEEEEEETS------EEEEEEE-TEEETT-THHHHHEEEEHHHHHHHHHEEEEEEEET--TT-EEEEEEEEEE-----EEEEE--T---HHHHHHHHHHHHHH-TTT--EEEEE--HHHHHHHHHHHHT----EEEEE----EEEHHHTTSHHHHHHHHHHHHHHT--EEEEEE--TTHHHHHT---------TT-EEEEEEE----HHHHHHHHH-,1tzp
----HHHHTT---E-EEEEEEEETTEEEEEEEE-TTS-EEEEEEEEE--T--EEEEEEH-EEEEEE-TT-TT-EEEEEEEEEEETEEEEEEHHEHHTT---E-EEEEEEEETTEEEEEEEE-TTS-EEEEEEEEE--T--EEEEEEH-EEEEEE-TT-TT-EEEEEEEEEEETEEEE-,1u07
EEEEEEEETS-HHHHHHHHHHHHHHHTT--EEEEEEEEETSS-TSTT--HHHHHHEEEEETTEEEEE-T-HHHEEEEET---T---EEEEEETTEETT---------HHEEHHHHHHHHHHHHHHTT-----HTT--T-EEEEEETT-EEHHHHEEEEEEEHHHHHHH-,1u14
-S---EEEEEE-TG--TTT-EEEEEEEESS---HEEEEHT-----THHHHHHHHHHHHHHHHHHHHHHHTTTHHHHHEEEEETT-EEEEEEEE---,1u2h
-T---TTT--HHHHHHHHHHHHHHHHHEEEEEEET--TTT-HHHHHHHHHHHHHHHHHHHH--T---EEEEE-TT--TT--TTHEE-HHTHHHHHHHHHHHHHHHHHHHHHHT----EEEEEEEE--TSHHHHHHHHHHHHHHHEEEEETTTEEEEEEEES-THHHHHHHHHHTT---HHHHHHHHHHHHHH-,1u53
-TT---HHHHHHHHHTT-HHHHHHHHHHH----TT-HEEHTE--T----T--EEEEEEEEEEEEEEEE---TTS-EHHHHHHEHHHHHHT---EETT--THHHHHHHHHHHHHHHHHTT------HHHHH--TT-EEEEEEEEETSEEEEETTT--EEEEHHHHHHHHHHHHHHHHHHHHHHHHHT--TTT-----EEEEEEEETS---HHHHHHHHHHHHHHHHHHHHHHHHHHHHHHHHHTT--EE--HHHHHHHHHHHHHHHHHHHHHHHHHHHHHHHHHTT--EEEEHHHHHHHHHHHHHHHHHHTTT---HHHHHHHHHTT-HHHHHHHHHHHH---TT-HEEHTE--T----T--EEEEEEEEEEEEEEEE---TTS-EHHHHHHEHHHHHHT---EETT--THHHHHHHHHHHHHHHHHTT------HHHHH--TT-EEEEEEEEETSEEEEETTT--EEEEHHHHHHHHHHHHHHHHHHHHHHHHHT--TTT-----EEEEEEEETS---HHHHHHHHHHHHHHHHHHHHHHHHHHHHHHHHHTT--EE--HHHHHHHHHHHHHHHHHHHHHHHHHHHHHHHHHTT--EEEEHHHHHHHHHHHHHHHHHHTTT---HHHHHHHHHTT-HHHHHHHHHHHH---TT-HEEHTE--T----T--EEEEEEEEEEEEEEEE---TTS-EHHHHHHEHHHHHHT---EETT--THHHHHHHHHHHHHHHHHTT------HHHHH--TT-EEEEEEEEETSEEEEETTT--EEEEHHHHHHHHHHHHHHHHHHHHHHHHHT--TTT-----EEEEEEEETS---HHHHHHHHHHHHHHHHHHHHHHHHHHHHHHHHHTT--EE--HHHHHHHHHHHHHHHHHHHHHHHHHHHHHHHHHTT--EEEEHHHHHHHHHHHHHHHHHHTTT---HHHHHHHHHTT-HHHHHHHHHHH----TT-HEEHTE--T----T--EEEEEEEEEEEEEEEE---TTS-HHHHHHHHHHHHHHTT--EEEE,1u60
HHHHHHTT-EEEEEEEEEEEEEETTEEEEEEEEEETEEEEEEEEEEEEEEEEEEEEEEEEEEEEEEEEETET-----EEEEEEEEEEEEEE--EEEEEEEE-SSHHHHHHHHHHHHHHHHHT---EEEEEEEEEEEESSHHHHHHHHHHHHHHHHHHHHHT-HEEEEHHHHHHHHHHHHHTEEEE---------T--EEEEEEEEEEEEEEEE--T----HHHHHHHHHHHHHHHHHHHHHHHHHHHHHHHT--HHHHHHHHHHHHHHT---TTTEEEEEEEEEEEEE-HHHHHHHHHHHHHHHHTT--GGGHHEEEETTEEEEEEEEEEEHHTT-T-EEETEEEEEEEEEEEEEEEEEEEEEEEEEEEEEE-EEEEEEEEE-,1u7g
--EEEEEEE--HHHHHHHHHHHHHHHHHHHHHHHHHHHHT------HHHHHHHHHHTTTT-EEEEEEEEEEEEEEEEEEEEEE--HHHHHHHHHHHHHHTTT-EEEEE-TT-HHHHHHHHHHHHT--EEEE--EEEEEEEEE-HHHHHHHHHHHHHHHHHHHHHHHHHHHHHT------HHHHHHHHHHTTTT-EEEEEEEEEEEEEEEEEEEEEE--HHHHHHHHHHHHHHTTT-EEEEE-TTHHHHHHHHHHHHHT--EEEEE--,1u7i
EEEEEEEEEEE------EEE-TT---EEEEEEEEEEEEEEEEE----EEEEEEEEEEEE--HHHHHHHHHHHHHHHHHEHHHHT------EEEE----TT---HHHHHHHEEEEEEEEE-HHHHHHHHHHHHHHT----HHHHHHHHHHHHHHHHHHHHHHTT--HHHHHHHHHH-HHHHHHTTT--EEEEEEE-TGT-HHHHHHHHHHHHT---HHHHHHHHHHHHHHHHHHHHHHHHHHHHHHHHHHHH--TTT--HHHHHHHHHHHTT---HHHHHHHHHHHHHHHHHHHHHHHHHHHHHHHHHHHHHHHHTT--T--EEEEEEE--TT-HHHHHHHHHHHHHH-T--EEE-EEEEEEEE-,1u7l
HHEEEEEEEEHHHT--GTT-TTHHHHHHHHHHHHHHHHHHHHHHHHHHHHHHHHHH-------HHHHHHHHHHHHHHHHT-,1u84
HH-TT----HH---T---H-EEEEEHT---HHHHHHHHHHHHHHHHHHHHHHHHHHHHHT--EEEEEEEEEEEEE-TT--TT-EEEEEEEEEET-HHHHHHHHHTT--HHHHHHHHHHHHHH-HHHHHHHHHHHHHHHHHHHHHHHHHHHHHHHHHHHHTEH--TTTT---HHHHHHHHHHHHHHH-EEEEE----TTGT----HHHH-TT--EEEEEEETTSEEEEEEEEEEEEEEEEEEEEEEEEEEEE--TT--EEEEEE---TT-EEEEEEETTE--THGHTT--EEEEHHHETT--EEEEEEEEE-TTTHEEE-HHHHHHHHHHHHHHT--------EEEEETHEEEEEHHHT---TT----HHHHHHHHHHHHHHHHHHHTT-EEE-TS---TT-HHHHHHHHHHHHHHTTTT-HHHHHHHHHHHHHHH-------------EEEEETT--HHHHHHHHHHH-T----HHHHHHHHHHHHHHHHHHHTT----HH---T--HH-HEHHHHT--HHHHHHHHHHHHHHHHHHHHHHHHHHHHHHT--EEEEEEEEEEEEE-TT--TT-EEEEEEEEEET-HHHHHHHHHTT--HHHHHHHHHHHHHH-HHHHHHHHHHHHHHHHHHHHHHHHHHHHHHHHHHHHTEH--TTTT---HHHHHHHHHHHHHHH-EEEEE----TTGT----HHHH-TT--EEEEEEETTSEEEEEEEEEEEEEEEEEEEEEEEEEEEE--TT--EEEEEE---TT-EEEEEEETTE--THGHTT--EEEEHHHETT--EEEEEEEEE-TTTHEEE-HHHHHHHHHHHHHHT--------EEEEETHEEEEEHHHT---TT----HHHHHHHHHHHHHHHHHHHTT-EEE-TS---TT-HHHHHHHHHHHHHHTTTT-HHHHHHHHHHHHHHH-------------EEEEETT--HHHHHHHHHHH-T----HHHHHHHHHHHHHHHHHHHTT----HH---T---H-HEEHHHT--HHHHHHHHHHHHTII,1u8v
HHHHHHHTTT-EEEEEEEEEEEHHHHHHHHHHH-TTS---EEEEEEEE----HHHHHHEEEEEES-THHHHHHHHH--EEEE-TT-EEEEEEE-TT--EEEEEEEEEEEE-HEEEETTTTEEEEEEEEEEEEEHHHHHHHHHH-TTS---EEEEEEEE----HHHHHHEEEEEES-THHHHHHHHH--EEEE-TT-EEEEEEE-TT--EEEEEEEEEEE-,1u9k
EEEEEEEEE--T-EEEEEE-T--TTT--EEEEEEE--GG---EEE---TT----HHHHHHHHHHHHHHHHHHHHHHHHHHHHHHHHTTT---HHHHHHHHHHHHHHHHHHHHHHHHHH-TT---TTT--HHHHHHHHHHHHHHTT---EEE---TT--EEEEEEEEEEE-TT--EEEEEETTTTT-EEE-,1ucd
HHHHHHHHHHHHHHTTT--EEEEEE---GT--HHHHHHHHHHHHHHHTT-EEEEEEESHHHHTT--HHHHHHHHHHHHHHHHHHHHHHTTT--EEEEEE---GT--HHHHHHHHHHHHHHHTT-EEEEEEESHHHHHTHHHHHHHHHH-,1ucr
HHHHHHHHH----HHHHHHHHHT-EEEEETT--HHHHHHHHHHHHHHH--------HHHHHHH-,1ucs
HHHHHHHHHHHHHHHHHHHHHHHHHHH---TT-EEEEEEEEEEEEEEEEEE-TTG---TS--T-EEETE-HHHHHHHHHHHHHH-EEEEE-S-HHHHHHHHHHHHHHHHH----EE--GT---EEEEEEEEETTTHHHHHHHHHHHHHHHHHH---TEEEEEEEETEEEEEEEEEET---EEEEE-TT----HHHHHHHHHHHHHHHHHHEEEEEE-S---EEEE---TT-EEEEEEE--THHHHHHHHHHHHHHHHHHHHHHHHHHHH---TT-EEEEEEEEEEEEEEEEEE-TTG---TS--T-EEETE-HHHHHHHHHHHHHH-EEEEE-S-HHHHHHHHHHHHHHHHH-TT-EE--GHHHHHHHHHHTTHHHHHHHHHHHHHHHHHH---TEEEEEEEETEEEEEEEEEET---EEEEE-TT----HHHHHHHHHHHHHHHHHHEEEEEE-S---EEEE---TT-EEEEEEE--THHHHHHHHHHHHHHHHHHHHHHHHHHHH---TT-EEEEEEEEEEEEEEEEEE-TTG---TS--T-EEETE-HHHHHHHHHHHHHH-EEEEE-S-HHHHHHHHHHHHHHHHH-T-EEEE---EEEEEEEEETTTHHHHHHHHHHHHHHHHHH---TEEEEEEEETEEEEEEEEEET---EEEEE-TT----HHHHHHHHHHHHHHHHHHEEEEEE-S---EEEE---TT-EEEEEEE--THHHHHHHHHHHHHHHHHHHHHHHHHHHH---TT-EEEEEEEEEEEEEEEEEE-TTG---TS--T-EEETE-HHHHHHHHHHHHHH-EEEEE-S-HHHHHHHHHHHHHHHHH-T-EEEE----EEEEEEEEEETTTHHHHHHHHHHHHHHEHHH---TEEEEEEEETEEEEEEEEEET---EEEEE-TT----HHHHHHHHHHHHHHHT-EEEEEEE-S---EEEEE--TT-EEEEEEEET--,1ud9
EEEEEEE-TT-EEEEE-HHHHHHHHHHHHHTTTT-EEEEEEEEETTSEEEEEEEETT---EEEEEEEEEEEEE-TTT-EEEEEEEEEEEEEEEEEEEEEEHHEEHHT---HHHHHTT--EEE---EEEEEEEEE--TT--TEEEE----EEEEEEEEEEEEEEEE-TTEEEEEEETT--EEEEEEEEEEEE-TT-EEEEE--HHHHHHHHHHHHTTTT-EEEEEEEEETTSEEEEEEEETT---EEEEEEEEEEEEE-TTT-EEEEEEEEEEEEEEEEEEEEEEHHEEHHT---HHHHHTT--EEE---EEEEEEEEE--TT-T----EEEEEEEEEEEEEEE-TTEEEEEEEEE--EEE--,1ueb
HHT----EEEEEEEEEEEETT-EEEEEEEEETT--TEEEEEEEETTEEEEEE-TT-HHHHHHHHHHHHHHTT--TTEEEEEEEEE-TTTT-----HHHHHHHHHHHHH--HHHHHHHHHHHHTT--EEEEEEESHHHHHHHHHH---------EEEEEETE---EEEEEEEE-TGG--TT--HHHHHHHHHTT------------EEEE-TT-HHHHHHHHHHHHHHHHHHHHHHHHHHHT---HHHHHHHHHHHHHHHHHHH-----,1uek
EEEEEEEEETS--EEEE--HHHHHHHHHHHHHHHHTTT-EEEEE-T-EEEEE-HHHHHHHHHHHHHHHH------EEE-HHHHHHHHT---EEEEEEEEEETTEEEEEEEEEEEETTT-EEEEEEEEEETTT--EEEEEEEHHHHHHE--TT--TEEEEEHHHHHHHHEHHTTT--TT-EEEEEEEEEEEEEEETS----S------HEE-HHHHHHHHHTTT--HHHHHHHHHHTT-THHEEEEEEEEEEETT-EEEEEE---HHHHHHHHHHHHHHHHHHHHHHHHHHH--HHHHHHHHHHHHHHHHHHTT---EEEE--HHHHHHHHHHHHHHHHTTT-EEEEE-T-EEEEE-HHHHHHHHHHHHHHHH------EEE-HHHHHHHHT---EEEEEEEEEETTEEEEEEEEEEEETTT-EEEEEEEEEETTT--EEEEEEEHHHHHHE--TT--TEEEEEHHHHHHHHEHHTTT--TT-EEEEEEEEEEEEEEETS----S------HEE-HHHHHHHHHTTT--HHHHHHHHHHTT-THHEEEEEEEEEEETT-EEEEEE---HHHHHHHHHHHHHHHHHHHHHHHHHHH--HHHHHHHHH-,1uf5
------HHHHHHHHHHHHHHHTT----T-EEEEEEEEEEEEEEEE-SS---HHHHHHHHHHHHHHHHTT----T-EEEEEEEEEEEEEEEE-T--------HHHHHHHHHHHHHHHTT----T-EEEEEEEEEEEEEEEE---S----HHHHHHHHHHHHHHHTT----T-EEEEEEEEEEEEEEEE-,1ufi
HHHHTT-EEEEEE-TTTHEEEEHEHHHHHHHT-TT-HHHHHHHHHHHTTT--EHEEEEEEHHHHHHHHHHHH--EHHHHEEHHEEHHHHH-TT--HHHEEEHEEHTT---EEEEEETT-EETEEEEEEEE--TT---------T------EEEEEEETT-HHHHHHHHHHHHHHTT-EEEEET---HHEHEHHHHHTT----EEEEEEETSS-EE--T-EEEE-TTEEEEEE---G-TT-HHTT-EEEEEE-TTTHEEEEEEHHHHHHHT-TT-HHHHHHHHHHHTTT--EEEEEEEEHHHHHHHHHHHH--EHHHHEEHHEEHHHHH-TT--HHHEEEHEEHTT---EEEEEETT-EETEEEEEEEE--TT---------T------EEEEEEETT-HHHHHHHHHHHHHHTT-EEEEET---HHEHEHHHHHTT----EEEEEEETSS-EE--T-EEEE-TTEEEEEE---G-TT-HHTT-EEEEEE-TTTHEEEEEEHHHHHHHT-TT-HHHHHHHHHHHTTT--EEEEEEEEHHHHHHHHHHHH--EHHHHEEHHEEHHHHH-TT--HHHEEEHEEHTT---EEEEEETT-EETEEEEEEEE--TT---------T------EEEEEEETT-HHHHHHHHHHHHHHTT-EEEEET---HHEHEHHHHHTT----EEEEEEETSS-EE--T-EEEE-TTEEEEEE---G-TT-HHTT-EEEEEE-TTTHEEEEEEHHHHHHHT-TT-HHHHHHHHHHHTTT--EEEEEEEEHHHHHHHHHHHH--EHHHHEEHHEEHHHHH-TT--HHHEEEHEEHTT---EEEEEETT-EETEEEEEEEE--TT---------T------EEEEEEETT-HHHHHHHHHHHHHHTT-EEEEET---HHEHEHHHHHTT----EEEEEEETSS-EE--T-EEEE-TTEEEEEE---G-TT-HHTT-EEEEEE-TTTHEEEEEEHHHHHHHT-TT-HHHHHHHHHHHTTT--EEEEEEEEHHHHHHHHHHHI,1ufo
HHHHHHEEEEH-TS-HHHHHHHHHHHHHHHHHHHT---HHHH-EEEEEEEEEEEH--HHHHHHHHHHHT--EE-------THHHHHHHHHHHHHHTT-HHHHHHHHHHHHHHHH-HTGG--,1ufy
HHHHHHHHHHTT-EEEEEEEE-S-HHHHHHHHHT-TT-EEEEEEEE-TS-TTEEEEEE-S-GG--HHHHEEH-TTT-EEEEEE--HHHHHHHHTT-EEEEEEEE-S-HHHHHHHHHT-TT-EEEEEEEE-TS-TTEEEEEE-S-GG--HHHHEEH-TTT-EEEEEE--HHHHHHHHTT-EEEEEEEE-S-HHHHHHHHHT-TT-EEEEEEEE-TS-TTEEEEEE-S-GG--HHHHEEH-TTT-EEEEEE--HHHHHHHTT-EEEEEEEE-S-HHHHHHHHHT-TT-EEEEEEEE-TS-TTEEEEEE-S-GG--HHHHEEH-TTT-EEEEEE--HHHHHHHHTT-EEEEEEEE-S-HHHHHHHHHT-TT-EEEEEEEE-TS-TTEEEEEE-S-GG--HHHHEEH-TTT-EEEEEE--HHHHHHHHTT-EEEEEEEE-S-HHHHHHHHHT-TT-EEEEEEEE-TS-TTEEEEEE-S-GG--HHHHEEH-TTT-EEEEEE--HHHHHHHHTT-EEEEEEEE-S-HHHHHHHHTT-TT-EEEEEEEE-TS-TTEEEEEE-S-GG--HHHHEEH-TTT-EEEEEE--HHHHHHHHTT-EEEEEEEE-S-HHHHHHHHTT-TT-EEEEEEEE-TS-TTEEEEEE-S-GG--HHHEEEH-TTT-EEEEE-,1ugi
EEEEETT-EEEEEEEEEEE-T-EEEEEEEEEEETTS----TTT-EEEEEEEEEEEEEE---T-EEEEEEEEEEEEEEEEEEEEEEEEEETETT-TEEEEET--TT---TTEEEEEEEEEEEEEEEEEEEEEEEEEEEEEEEEE-TT--,1ugx
HHHHHHHHHHHHHHHHHTTT-EEEEEETS-TT-EEEEEEEETS-EE-TTT--EEHHHHHHHHHHHHHHT--T--EEEEEEEEE---TSS----HHHEEEEHHHHHHHHHHHHHHHEHHHHHHHHHHHTT-EEEEEEEETEEEEEEEEEEEEEE-HHEEE---T--TT-HHHHHHHHHHHHHHHHHH------,1ui0
---HHHHHHHHHHHHHHHHHHHHHHHHHT---HHHHHHHHHHHHHHHHHHHHHHHHHHHHHHHHHHHHTT---HHHHHHHHHHHHHHHHHHHHHHHHT---HHHHHHHHHHHHHHHHHHHHHHHHHHHHHHHHHHH-,1uix
--EEEEEEEEETTS-HHHHHHHHHHHTT--EEEEEEEEEEE--HHHHHHHHHHHHHHHHTT---E--TT-HHHHHHHHHHHHHHTT-EEEEEEEEEE------EEEEE--TSEEEEEEEEEEE-HHHHHHHHHEEEEE--TTTHHHHHHHHHHHHTT-HHHHHHHHHHHHHHHHHHHHH------EEEEEEEE--EEEEEEEEEHHHHHHHTT--EEEEEEESETTS-HHHHHHHHHHHTT--EEEEEEEEEEE--HHHHHHHHHHHHHHHHTT---E--TT-HHHHHHHHHHHHHHTT-EEEEEEEEEE------EEEEE--TSEEEEEEEEEEE-HHHHHHHHHEEEEE--TTTHHHHHHHHHHHHTT-HHHHHHHHHHHHHHHHHHHHH------EEEEEEEE-HHHEEEEEEHHHHHHHHH-,1uj2
-------TT------HHHHHHHHHHH-TT--TT-EEEEEEEEEEEE----TT--T--HHHHHHHHHHHHHHH-,1uj8
--EEEEHEE---TTTEEEEEE--EEEEEETTSHGGGGTTT-EEEEEEEE-TTTHHHHHHHHHHHHHHTTT---EEEHHHHHHHHHT--------EEEEE---HHHTHHHHHHHHHTT-EEEEEEEEEETT-EEEEEEETTT-EET--TT----------HHHHHHHHHHHHHHH----EEEEEEEEE-,1ukf
HHHHHHHHHHHT----HHHHHHHH----------T--H--TTT-HHHHHHHHHHHHHHHHHHHHHHHTT-----E---EEEEEEEETTS--HEEEEEEEEHH-TT--HHHHHHHHHHHHHT-HHHHHHHT--EEEEEEEHHHHHHHHHHHHHT----HHHHEHH-----------T--H--TTT-HHHHHHHHHHHHHHHHHHHHHHHTT-----E---EEEEEEEETTS--HEEEEEEEEHH-TT--HHHHHHHHHHHHHT-HHHHHHHT--EEEEEEEE-,1ukk
----EEEEEETHHHTTT-EEEEEEEEEEEEEETEEEEEEEE-T--HHHHH-HHHHHHHHHHHHH-------HHEEEEEEEEEEEEEEEEETS-HHHHHHHHHHHHHHHHHHHH-TT-,1unq
HHH--T-----EEE-TT-----T-EEEEEEEEEEEEEEETEEEEEEEE----EEEEEEET-E--,1uoy
---EEEEEEEEEE-TTHHHHHHHHHHTT-EEEEE-EEEEEEEEEEEETEEEEEEEETTS--HHHHHHHHHHTT-EEEEEEEESTTTEEEE-HHHHHHHHHHHHHHHHHHHHHHH-HHHHHHHHHHHHHHHTT--HHHHHHHHHHHHHHHHHHHHHHHHHHHHHHHHHT---HHHHHHHHHHHH----HHHHHHHHHHHHHHH-THHHHHHHHHHHHHHHHHHHHT--EEEEEEEE-TTHHHHHHHHHHTT-EEEEE-EEEEEEEEEEEETEEEEEEEETTS--HHHHHHHHHHTT-EEEEEEEESTTTEEEE-HHHHHHHHHHHHHHHHHHHHHHH-HHHHHHHHHHHHHHHTT--HHHHHHHHHHHHHHHHHHHHHHHHHHHHHHHHHTT--HHHHEEEEEEEEE---HHHHHHHHHHHHHHH-THHHHHHHHHHHHHHHHTT--EEEEEEEEESTTHHHHHHHHHHTT-EEEEE-EEEEEEEEEEEETEEEEEEEETTS--HHHHHHHHHHTT-EEEEEEEESTTTEEEE-HHHHHHHHHHHHHHHHHHHHHHH-HHHHHHHHHHHHHHHTT--HHHHHHHHHHHHHHHHHHHHHHHHHHHHHHHHT---HHHHHHEEEEEEE---HHHHHHHHHHHHHHH-THHHHHHHHHHHHHHHHHHH-------EEEEEEEEEE-TTHHHHHHHHHHTT-EEEEE-EEEEEEEEEEEETEEEEEEEETTS--HHHHHHHHHHTT-EEEEEEEESTTTEEEE-HHHHHHHHHHHHHHHHHHHHHHH-HHHHHHHHHHHHHHHTT--HHHHHHHHHHHHHHHHHHHHHHHHHHHHHHHHHTT--HHHHEEEEEEEEE---HHHHHHHHHHHHHHH-THHHHHHHHHHHHHH-,1upt
HHHHHHHHTTT---EEEEEEEEE-TT--EEEEEEEEEETS--EEEEEEE--TTHHHHHHHHHHHHHHHHHHHHEEEEEEEEEEHHTHHHHHHHHHHHHH---EEEEEEEEE--TT--TT-EEEEE-TTT------HHHHHHHHHHHHHHHHH--EEEEEE---EEEEEEEEE-TTEEE---EEEEEE-T--HHHHHHHHHHTT--EEEEE-TTS-TT-TTS-TT-HHHHHHHHHHHHHHHTT---EEEEEEE----EEEEEETS--HHHHHHHHEEEEEE-------EEEEE-T-HHEEEEHHH---TT----,1us0
HHHHHHH--T--EEEEEEEEEEEEEEE-HHHHHEEEEHH-TT----HHHHHHHHHHHHHHHHHHHHHHHHHT----GHTT--HHHHEHHHHH-HHHHHHHHHHHTT--EEEE-TTEEEEEEE-TTSHHHHHHHHHHHHT---HHHHHHHHHHHHHHHHHHHHHHHHHHHEHHHHHHHHHHHHHHT--EEEEEE-HHHHHHHHHHTT--EEEEEEEEEEEEEE---HHHHHHHHHHHHHT-HHHHHHHHHHHHHHHHHHHHHH-HHHHHHHHHHHHHTT-------HHHHHHHHHHH-,1us5
EEEEE------EEEEE-TT-EEEEEEEEEEEEE---EEEH-----S--EEEEEE--TTHHHHHHHHHHHH---E--TT---EEEEEE-TTS-EEEET--TGGG--TT--EEEEHHHHHHHHHHEEEEEHHTHHHHHHHEEHHHHTHHH-TTT---T-EEEEEEEEEETE--EEEEEEEEEEEE--S---EEEEE-TT-EEEEEEEEEEEEE---EEEH-----S--EEEEEE--TTHHHHHHHHHHHH---E--TT---EEEEEE-TTS-EEEETS-TGGG--TT--EEEEHHHHHHHHHHEEEEEHHTHHHHHHHHEHHHHTHHH-TTT---T-EEEEEEEEEETE--EEEEEE-,1usc
-EEEEEEE-TS---HHHHH-HHHHHHHHHHHHHHHTT---EEEEEEEE--TTS-HHHHHHHHHHHHHHHHHEEEEEE---TS-HHHHHHHHT-EEEE--TTS-HHHHHHHHHHHHHHHT---T---HHHHHHHHHHHHHHEEEEHHHHHHHHHHHHHHHHHHHHHTT-EEEEEEEE-S-HHHHHHHHHHHHTT--EEEEESS-HHHHHHHHHHHHTT--EEEEE--S--HHHHHHHHHHHHTT--EEEEEEETS-HHHHHHHHHHHHTTS-TTS--HHHHHHHHHHHHHHHHHT--T--HHHEEEHHHTT--EEEEE-----TT--T-EEEEEEEEETTS---E-,1usg
-HHHHHHHHHHHH--TT-HHHHHHHHHHHHHHHHHHT-TEEEEEEEEEEEEEEEEETTT--HHHHHHHHHHHHHHH-,1usm
HHHHHHHHHHHHHHHT------HHHHHH--HHHHHHHHHHHHHHHTT-----HHHHHHHHHHHHHHHH--,1utg
HHHHHHHHHHHHHHHHHHHTT--HHHHHHHHHHHHHHHHHHHHHHHHHHHHHHHHHHHHHHHHHHHHHHHHHHHHHHHHHHHHHHHHHHHHHHHHHT--HHHHHHHHHHHHHHHHHHHHHHHHHHHHHHHHHHHHHHHHHHHHHHHHHHHHHHHHHHHHHHHHHHHHHHHT--HHHHHHHHHHHHHHHHHHHHHHHHHHHHHHHHHHHHHHHHHHHHHHHHHHHHHHHHHHHHHHHHHHHHHHHHHHHHT--HHHHHHHHHHHHHHHHHHHHHHHHHHHHHHHHHHHHHHHHHHHHHHHHHH--H--,1uuj
-THHEEEEEEEEEEEEE----------EEEEEE-THGHTTT-EEEEEEE--HHHHHHHHHHHHHH-HHHHHHHHHHT----------HHHHHHHHHHT--HEEEEEEEEES--HHHHHHHHHHHT--EEEEEEE-TT-THHHHHHHHHHHHHHHHHHHHH-,1uuy
HHHHEEEEETT---EEEEEEEE-T--EEEEEEEE--THHHHHHHHHHHHHHT---HEEEHHHHHHHEEEEEHHTTT-EEEEEEEE-T---EEEEEEEE-T--EEEEEEEE--THHHHHHHHHHHHHHT---HEEEHHHHHHEEEEEEEE-,1uv7
HHHEEEEEETT-EEEEEE-TT-EEEEEEETT-EEEEEEEEEEEEEE--HHGTTT----HHHHHHHHHHHHHHHHHHHHHHHHHH-T----EEEEEEEEEET--TTEEEEEEEE----EEEEEEEETT-EEEEE---HHE-------EEEEEEEEE---HHHHHHHHHHHHT--HHHHH-----HHHHEEHEEEEEEEETT--EEEEEEEEEEEHHHHTT---EEEEEEEE--TT--HHHHHHHHHHHHHHHHHHHHHHHHTT-EEEEEEEEEEEEEEEEEE-T-EEEEEEEEE--TT-EEEEEEEETTTEEEEEEEEEEE-TT--EEEEEEEEEE--TTT-EEEEEEE-TT--EEEEEEEEEE----TEEEEEEEE-------,1uvq
-HHH---HHHHHHHHHHHHHHHHHHHHHHHHHHHHHTT-EEEEEEE-HTTEEE-T--T-EEEEEEEETTT-EEEEE-TEEEEEEEE-----G-EEEET-EEEEEEE-HHHHHHHHHHHHHHTT--EEEEEE---HHHHHHHHHHHHHHH-T-EEEEE-S--EEHHHHHHHHHHHHHHHH--T---EEEEEEE-TS-----HHHTHEE-TTEEEEE--TGG-HTEEEEET-EEEEEEETT--EE-EE-EEEEEEETEEEEEEEEEEE--HHHHHHHHHHHHHHHHHHHHHHH-HHHHHTT-EEEEEEE-HTTEEE-T--T-EEEEEEEETTT-EEEEE-TEEEEEEEE-----G-EEEET-EEEEEEE-HHHHHHHHHHHHHHTT--EEEEEE---HHHHHHHHHHHHHHT-T-EEEEE-S--EEHHHHHHHHHHHHHHH---T---EEEEEEE-TSE----HHHTTEE-TTEEEEEE-TGG--TEEEEET-EEEEEEETT-EEE-EEEEEEEEEEEEEEEE-,1uwc
--EEEEEE-TT--EEEEEE-TS---HHHHHHHHHHHHTT-EEEEEEEEEEEEEEEETTEE-HHHHHHHHHTH--T----TT-EEEEEEE---TT-HHHHHHHHT---EEEEEEEEEEEEEEEEEEEEEE---HHHHHHHHHHHHHTT-EEEEEEE--HHHHHHHHHHHT--GGG------TS--TT-EE-TTHHHHHHHHHHHHHHHHHHHHHHHHHHHHHHHHHHHHHTT---HHHHHHHHHHHHHTT---EE--TT---HEEEEEEHHHHHHHHHHHHHHHHHHEEE-THHEHH---HHHHHHHHHHHHHHH---TEEEEEEEEEETS-HHHHHHHHHHHHHHT--T--EEEEEEEE-T-EE---HHHHHHHHTT---EHHHHHHHHHHHHTT--EEEEEE-SSHHHHHHHHTT-EEEEEESSHHHHHHHHHHHHT--HHHHHHHHHHT--EEEEEEHTTTEEEEEE------EEEEEE-TT----HHHEEHHHHHHHHHHH--HHHHH-TT-EEEEE--HHHHHHHHHHHHHHHHHHHHH-HHHEEEEET--EEEEEEETTS-EEEEEE-TS---HHHHHHHHHHHHTT-EEEEEEEEEEEEEEEEETEE-HHHHHHHHHTH--T----TT-EEEEEEE---TT-HHHHHHHHT---EEEEEEEEEEEEEEEEEEEEEE---HHHHHHHHHHHHHTT-EEEEEEE--HHHHHHHHHHHT--GGG------TS--TT-EE-TTHHHHHHHHHHHHHHHHHHHHHHHHHHHHHHHHHHHHHTT---HHHHHHHHHHHHHTT---EE--TT---HEEEEEEHHHHHHHHHHHHHHHHHHEEE-THHEHH---HHHHHHHHHHHHHHH---TEEEEEEEEEETS-HHHHHHHHHHHHHHT--T--EEEEEEEE-T-EE---HHHHHHHHTT---EHHHHHHHHHHHHTT--EEEEEE-SSHHHHHHHHTT-EEEEEESSHHHHHHHHHHHHT--HHHHHHHHHHT--EEEEEHHTTT----HHEE,1uwk
HHEEEEEETS--T--HHHHHHHHHHHHHHT--EEEEE-------HHHHHHHHHHHHHHHHHT-EEEEEEETS-HHHHHHHHHHHHHHHTT--EEEEESS-SHHHHHHHHHHHTT--HHHHHHHHHHHHEEHHHTTT-EEE---HHHHHHHHHHHHHHHHHHHHHHHHTT--HHHHHHHHHHHHHH-,1uxo
--------HHHH---HHHHHHHHHHHHHHHHHHHHHHHHTT--HHHHHHHHHHHHHHHHHHHHHHHHHHHHHHHTT--HEHHH----TT-TH-HHHHT--EEEEE--EEEE---HHHHHHHHHHHHHHHHHHHHHHHHTT--HHHHHHHHHHHHHHHHHHHHHHHHHHHHHHHTT--EEHHH----TT-TG-HHHHE--,1uz3
E-T--TT-EEEEE-HHHHHHHHTT-EEEEEEE-TT-EEEEEEETSSSS-EEEEEE--TTT-EEEEEEEEEETTEEEEEEEETST--TT--EEEEE-,1v05
---HHHHHHHHHHHHHHTT--T-EEEEETEEEEE--T--HHHHHHH-TT-----HHHHHHHHHHHHHHHHHHHTT--EEEEEEE------HHHHHHHHHHHHHHHTTT--EEEEEEEESS-T--HHHHHHHHHHHHHHHHHHHT--EEEEEE----EE--TT--EEEEEEEEEEEETTT--E--HEH-T-------EEEEE---TTHTTHHHHHHHEEE--T-----EEEEHET-EEEEEEEEE-TT--T-------EEEEEEEEEE-------TT-----T------TTEEEEE-----TTT---T--HHHHHHHHHHHHHT--EEEEEE---G------HHHHHHHHHHHHHHTTT-EEEEEEE-TTTTTHHHHHHHHHHHHHHHHHHHHHHTHHHHHHHHHHTEEEEHEHT--TT-EEEEE---EEEEEEEEEETTEEEEEETTS--HHHHHHHHHHHHHHHHHHHHHHH--TTTT-HHHHHHHHHHHHHHH-,1v0w
HHHHHHHHHHHHHHHHHHT-T-EEEEEE-SS--HHHHHHHHHHHHHHHHEEEEE--TTS--EEEE--T---EEEEEEE-THHHHHHHHHHHTT--EEEEEEEHHHHHHHT------HHEEE-TTTT---HHHHHHHT--EEEE-TTHHHHHHHHHHHHHHHHHHHHHHHHTT--------HHHHHHHHHT-,1v2x
HHHHHHHHT-HHHHHHHHHHHHTT--EEEEEEE---HHHHHHHHHHHHHHHHHHHHHHHHHHHHHHHHHHHHHHEHHTS--HHHHHHHHHHHHHHHHHHHHHHHT-,1v2z
EEEEEEEEEEETT-HEEEEEEEEEE--THHHTTEEEEEEEEEEEEEETEEEEEEEEEE--HHHHHHHHHHHTT-EEEEEEEE-TTEEEEEETT---EEEEEEETT--EEEEE------,1v30
HHHHHHHHHHHHHHHTT----------EEHHHHHHHTT--TT-EEEE--TT----HHHHHHHHHHHT--EEE-EEEEEE------TE--EEEEEEE-GTT---EEEEE-TTT------HHHHHHHHHHHEEEEHHTT-EEEEEEEESTTHEEEEEHHHHHHH-TT-HHHHHHHHHHHHHHHHHHHHHHHHHHTT-EEEETTSTT-EEEEEEEEEEEEE-HHHHHHHHHHHHHHHHHH-HHHHHHHHHHHHHHHHHTT--HHHHHHHHHHHHH---HTTTT-EEEEEEEEEEEE-T-HHHHHEEEEEEE------EEE--TTTG--HHHHHHHHHHHHHHHHHHHH-,1v33
EEEEEEEE---HHHHEEEEEEHTT-EEEEEEEEEE---T-EEEEEE-SS--HHHHHHHHHHHHHHHHTT--EEEEE--HHHHHHHHHHHHHHT----HHHHHHEHHHHHHHHHHHH-TT---EEEEEEEHHHHHHHHHHHTT-EEEEEEEEEEEEEEE--T-HHEHEEEEEEETT-EEEEEEEEEE---T-EEEEEE-SS--HHHHHHHHHHHHHHHHTT--EEEEE--HHHHHHHHHHHHHHT----HHHHHHEHHHHHHHHHHHH-TT---EEEEEEEHHHHHHHHHHHTT-EEEEEEEEEEEEEEE--T-HHEHEEEEEEETT-EEEEEEEEEE---T-EEEEEE-SS--HHHHHHHHHHHHHHHHTT--EEEEE--HHHHHHHHHHHHHHT----HHHHHHEHHHHHHHHHHHH-TT---EEEEEEEHHHHHHHHHHTTT-EEEEEEEEEEE-,1v4p
-------EEEEEE-HEEETTE---EEEEEEEE-S--TT-TT-----EEEEE-TTS-GGG----T-HHHHHHEHTTT--EEEEEE---HHEEEEEHHTTTS---HHEEEHHHHHHHHTT--EEEE------HHHHHHHHHHHHHHT-EEEEEEEESTSEEEE-EEEE-TT---EEEEEEEE-TTT-EEEEEE--T-EEEE-TTEEEEEEETT----EEE--T-HHHHHHHHHHHHHTTT---EEEEEEETEEEEEEEEEEETTHHHHHHHHHHHTT--EEEEEEEE--TT-HH--T-EEEEEEEEEE--T--TT-EEEET----HHHHHHHHHHHHHHHHHHHHHHHHH-,1v5i
HHHHHHHHHHHHHHHHHHHHHHT-----EEE--HHHHHHHHHHHHHHHH-----EEEEE-HHHHHHHHHHHH--T-------EEEEEEEETTTEE--EEEEEE-TTT-EEEEE--HHHHHHHHHHHHHHHHHHHHHHT--EEEEEEEEEEEEEE--HHHHHHHHHHHT---EEEEEEEEEEEEEEEEEEEEEEETEEETTEEEEEEEES-TTS-TG--TS--HHHHHHHHHHHHTT--E-------HHHHHHHHHTTEEEEEEE--EEEEEEE--T-E---TT--EEEEEE-TT--HHHHHHHHHHHHHHHHHEEEEEEETT---TT-EEEETTEEEEEEEEE--TT-EEEEEEEEEEHHHH--TT-EEEEEEETSEEEEEEEE-T---TTTTHHEEEHHHHHHHHHHHHHHHHHHHHHHT-----EEE--HHHHHHHHHHHHHHHH-----EEEEE-HHHHHHHHHHHH--T-------EEEEEEEETTTEE--EEEEEE-TTT-EEEE--HHHHHHHHHHHHHHHHHHHHHHT--EEEEEEEEEEEEEE-S-HHHHHHHHHT----EEEEEEEEEEEEEEEEEEEEEETEEETTEEEEEEEES-TTS-TG----HHHHHHHHHHHHHTT--E-------HHHHHHHHHTTEEEEEEE--EEEEEEE--T-E---TT--EEEEEE-THHHHHHHHHHHHHHHHHHEEEEEEEETS---TTEEEEETTEEEEEEEEE--TT-EEEEEEEEEEEHH---TT-EEEEEEET-EEEEEEEE-T---TGGHHEEEE-,1v5v
EEETTEEEEEE-EE---TTT---HHHHEEEEHTT-EEEESTS---E-TTEEEEEEEEE---EEEETTEEEEEE-EEE--TTT---HHHHEEEEHTT-EEEESTS---E-TTEEEEEEEEEEE--,1v6p
EEEEE-TTTT--HHHHHHT-HHHHHHHHHHT-------TT-HHHHHHHHHHHHTT-EEEEE-TT--HHHHHHHEEEEE-HHHHHHHHHHHHHHHHHHHHHTT-EEEEE--HHHHHHHHHHHHHHHHHHHHHHHH-TT-EEEEEE--HHHHHHHHHHHHHHHHHEEEHTT--TT---EEEEE--HHHHHHHHHHHHHHTT-EEETEEEEEEEEEEEEEETT-HHHHHHHHHHHHHHHHTT--EEE-----,1v6t
HHHHHHHHHHHH-TTT-----HHHHHHHHHHHHHH-TT--EEEEEEETTTEEEEEEEEEEEEEETTEEEEEETEEEEEE-TT--TEEEEEE---EEEEEEEE---,1v70
EEEEEEETS-HHHHHHHHHHHHHHHHHHHHHHHHHHHHHHHHHHHTT-EEEEEES--HHHHHHHHHHHHHEEEEEEE-HHHEEEEEEETT-EEEEE-G--TS--HHHHHHHHHHHHHHHHHHH---GGHTT-HHHHHHHHHHHHHHHHHHHHHHHHHHHHHH-TT---E---T-EEEEEEEEEE---HHHHHHHHHTHEEE-,1v77
EEEEEEEE--EEEEEE-TSS-------H--HHHEEEEEE-TT--EEEE--T--EEEEEE-EE-E--TTEEEEEEETTTT-EEEEEEEEEE-THHHHHHHHHHH----TT--EEEEEEEEEEEEEETT-EEEEEEEEEEE-TTEEEEEEEEEEEEEEEEEEE-TTTT--EEEEEEEEEEEEEEEEEEEEE-TTHHHHHEEEETT--TT--TT--HHEEEHHHHHH-HHHHHTT-EEEEEEEEEETT--EEEEEEE-TT-EEEEEEEEEEEE-THHHHHHHHHHHHHHHHHHHHHHHHHHTTT----EE--TT-HHHHHHHHHHHHHHHHHHHHTT--EEEEEEE-TTTEHHHHHHHHHH-T--TTHHHHHHHHHHHHHHHTEEEEEE--TTT--HHHTHHHHEHHHHHHHHHHHHHHHHHT---HHHHHHHHHTTT--HHHHHHHHHHHHHHHHHHHHHHHHHT---HHHHHH------HHHHHHHHHHHHHHHHHHHHHHTTT-HHHHHHHHHHHHHHHHHHHHH-TTTHEEEEEEETTTSEEEEHHHHHEEEEEHHHHHHEEEHHHHHHTTHHHHHHHHHHHT-GTT----------TT--EEEEEEEEEEEETTTEEEEE-STHHHHHHHHHHTTHHHHEEEEEE-TT-HHHHHHHHHHTT--EEEEEEESTSTTT-HTT-GHHTEEEEEEEEEEEEEEEEEEEEE-EEE---G--T--TTEEEEEEEEEEEEEEEES-TT---TEEEEEEEET--ETT----G----TT-EEEEE-,1v7w
HHHEEEEEEEEEEETT-EEEEE-TTGHHHTT---EEEEEEEE-HHHHHHHHHHHHHHE--EEEEEE--TT------E--T----TTEEEEEEHHHHHHHHHHHT--EEEEEET-EEEEEEEEEEHHHHHHHHHHHT---EEEEEEEEEEETS-HHHHHHH-TTT---EEHHHHHHHHHHHHHHHHTT----GE-------------EEEE-TT----TT-----T----HTHHHHEEEEEEHHHHHHHHT--TT-EEEEEEEEEEEEEEEETT-EEEEE-T-GHHHTT---EEEEEEEE-HHHHHHHHHHHHHHE--EEEEEE--TT------E--T----TTEEEEEEHHHHHHHHHHHT--EEEEEET-EEEEEEEEEEHHHHHHHHHHHT---EEEEEEEEEEETS-HHHHHHH-TTT---EEHHHHHHHHHHHHHHHHTT----GE-------------EEEE-TT----TT-----T----HTHHHHEEEEEEHHHHHHHHT--TT-EEEEEEEEEEEEEEEETT-EEEEE-T-GHHHTT---EEEEEEEE-HHHHHHHHHHHHHHE--EEEEEE--TT------E--T----TTEEEEEEHHHHHHHHHHHT--EEEEEET-EEEEEEEEEEHHHHHHHHHHHT---EEEEEEEEEEETS-HHHHHHH-TTT---EEHHHHHHHHHHHHHHHHTT----GE-------------EEEE-TT----TT-----T----HTHHHHEEEEEEHHHHHHHHT--TT-EEEEEEEEEEEEEEEETT-EEEEE-T-GHHHTT---EEEEEEEE-HHHHHHHHHHHHHHE--EEEEEE--TT------E--T----TTEEEEEEHHHHHHHHHHHT--EEEEEET-EEEEEEEEEEHHHHHHHHHHHT---EEEEEEEEEEETS-HHHHHHH-TTT---EEHHHHHHHHHHHHHHHHTT-E--GEE------------EEEE-TT----TT-----T----HTHHHHEEEEEHHHHHHHHHTT-E,1v7z
-EEEEHHH-T----TT-EEEEEEEEE-TS-T-EEEEETT-EEEEEEEEEEEEEEETEEEEEE------TS-HHHHHHHHHHTT-EEEEEEESSTTT--EEEEEEEE-EEEEEEE-TS---TT-EEEEEEEEE-TS-T-EEEEETT-EEEEEEEEEEEEEEETEEEEEE------TS-HHHHHHHHHHTT-EEEEEEESSTTT--EEEEEEE-,1v8h
---TT-HHHHHHHHHHHHHHHHHHHHHEHEHHHHHHHHHHHHHHHHHHHHHHHHHHHHHHHHHHH-HHHHHHHHHHHHHHHHHHHHHHHH--HHHHHHHHHHHHHHHEEHH--TT---HHHHTT-T--HHHHHHHHHHHHHHHH-----TT-HHHHHHHHHHHHHHHHHHHHHHHHHHHHHHHHHHHHHHHHHHHHHHHHHHHHHHHHHHHHT-HHHHHHHHHHHHHHHHHHHHHHHH--HHHHHHHHHHHHHHHEEHH--TT---HHHHTT-T--HHHHHHHHHHHHH-,1v96
--TT---EEEEEEETEEEEEE--TEEEEE-TT--TTT-EEEEEEEE------EEETEEEEEE-TT-EEEEEEEE---HHHHHHHHHHHHHHHHHHHEEEE----------------------EEEEETT--HHEEEHHHHH----EEEEEEEETTS--EEEEEEEE----ETS--EEE-E-E-----HHHHHHHHHHHHHHHHHHHHHHHEEE-T-EEEEEE---HHHHHHHHHHHHHHHHHTT--EEE-,1v9f
EEEE-HHHHHHHHHHHHHTTTEEEEE--HHHHHHHHHHHHHHHT---EEE--T-----HHHHHHHHHHHEEHEETTT--EEEEEEEEEEE-TT-EEEEEEEETTEEE--HHHHHHHHHHHHTTTEEEEE--HHHHHHHHHHHHHHHT---EEE--T-----HHHHHHHHH-HEEEEETTT--EEEEEEEEEEE-TTEEEEEEEE--,1v9y
---TT----HHEHHHHHHHHHHHHHHT--EEEEEEEEE-TT---EEEEEEEEEEEEETTEEE------,1vbw
EEEE--HHHHHHHHHT-EEEEEEE-TS-S--HHHHHHHH---TTSEEEEEEEEEEEEEEEEEE-TT-EEEEEEEEEEEEETTTEEEEEEE--S-T-EEE-----TT--EEEEEEEETE-TEEEEEEEEEEEEEE--HHHHHHHHT-----EEEEEEEEEEHHHHHTHEEEEEEEE--HHHHHHHHHHHHHHHT-EEEEEEEEE--HHHHHHHHHT-EEEEEEE-TS-S--HHHHHHHH---TTSEEEEEEE-EEEEEEEEEE-TT-EEEEEEEEEEEEETTTEEEEEEE--S-T-EEE-----TT--EEEEEEEETE-TEEEEEEEEEEEEEE--HHHHHHHHT-----EEEEEEEEEEHHHHHTHEEEEEEEE--HHHHHHHHHHHHHHHHHHEEE-,1vca
HEEEEHHTT-EEEET-------T---T-EEEEHHH--T---EEEEEE--HHHHHHHHHHHT--TTT-EEEEEEEEE-,1vcc
EEEEHE-T----GHHHHHHHHHHHHHHHT-TTEEEEE---TT-EEEEEE-TTS---EEEEEEEEEEE---TT-HHHHHHHHHHHHHHHHHHHHHHHH----HHHHHHHHHHHHTT--EEEEEES-HHHHHHHHHHHTT--EEEEEEEE--EE---EEEEEEE---EEE-HHHEEEEHTTTEEEEEEEEE-HHHHHHHHHHT-----TS--EEEEEE--,1vd6
HHHHHHHHHHHHHHHTTT--EEETT-TT---EEEEEEHHHHHHHHHHHHHHHHTTT-EEE-GGG-EEEET-EEEEEEE-TTS-HEEEETEEEEEEEEEEEEEE--EEEEEEE-HHHHHHHT---T--EETTEEEEEEEEEE-T-EEEEEEETTHEEEEEEHHHHHHHHHHHHHHHHHHT--HHEEEEHHTH-TTHHHTEEEEEEEETEEEEEETT-EEEEEEEE--EEEEEEET-HHHHHHHHHHHHHHHHHHHHEEEEEEE-TTT--EEETT-TT----E-HHHHHHHHHHHHHHHHHHHTTT-EEE-GGG-EEEET-EEEEEEE-TTS-HEEEETEEEEEEEEEEEEEE--EEEEEEE-HHHHHHHT---T--EETTEEEEEEEEEE-T-EEEEEEETTHEEEEEEHHHHHHHHHHHHHHHHHHT--HHEEEEHHTH-TTHHHTEEEEEEEETEEEEEETT-EEEEEEEE-EEEEEEEET-HHHHHHHHHHH--,1vdw
TTTEEEEEEETTS-HHHHHHHHHHHHHHHHHHHHHHHHHHHHHHHHTT--EEE---HHHHHHHHHHHHHHH-EEEEEEES--EEE-TS-HHHHHHHHHT---EEETTHHHHHHHHHHTT---EHHHEEEEEEHHHTS-TT----HHHHHHHHHHHHHHHHHTS-TT-HHHHHHHH--TT-EEEEEEETT-----TT----EEEEEEEEEEEEEEE--TTTT-TTEEEEEEETTS-HHHHHHEEHHHHHHHHHHHHHHHHHHHHHHHHHT----HHHHHHHHHHHHHHHHHEEEEEETS--EEE-TS-HHHHHHHHHT---EEETTHHHHHHHHHHTT---EHHHEEEEEEEHHTS-TT----T--EEEEEE--HHHHHHHHHHHHT--TT-HHHHHHHH--TT-EEEEEEHTT-----TT----EEEEEEEEEEEEEEEE--,1ve2
-EEEEEEEE--TTHHHHHHHHHHHHTT----EEEEEEETTHEEEEEE-TTS-EEEEEEEEEEEEEEETEEEEETT-T--EEEEEE-TTEEEEEEE-TTS--EEEEEEETTTHHHHHHHHHTT---EEEEEES-HHEEEEEE-EEEEEEEEEETHHHEHTTEEEEEEEE--HHEEHHHHHHHHHHHHHHHHHHHHHHHHT--,1ve4
HHHHHHHHEEE-----HHHHHHHHHHHHT------------HHHHHHHHHHHHHHTT--HHHHHHHHHH--EEEEEHHTTS-EEEEEHH-TTT-EEEEEE-TTTT-HHHHHHHHHHHHHHHHHHHHEEEEHHHTS---HHHEEEEEEEHHTT-HHHHHHHHHHHHHHHHHHHHHHHHHHHHHHHHHHTTT-HHEHHHHHHHHHEEHHHHT--TT--EEHHHHHHHHHHHHHHHHHHHTT-EEEE--T---TTTT-EEEEEEEES--HHHHHHHHHHHHHHHT--HHHHHHHHHHHHHHHHHHHHHHHHHHHHHHTTT----HHHHHHHHHHHHT---EEEEEEEEEE-TTEEEEEE--HHHHHHHHTT----HHHHHHHHHHHHHHHHHHHHHHHHHHHHHHHHT--TT---HHHHHHHHHHHHHHH---HHHHHHHHHHHHT------------HHHHHHHHHHHHHHTT--HHHHHHHHHH--EEEEEHHTTS-EEEEEHH-TTT-EEEEEE-TTTT-HHHHHHHHHHHHHHHHHHHHEEEEHHHTS---HHHEEEEEEEHHTT-HHHHHHHHHHHHHHHHHHHHHHHHHHHHHHHHHHTTT-HHEHHHHHHHHHEEHHHHT--TT--EEHHHHHHHHHHHHHHHHHHHTT-EEEE--T---TTTT-EEEEEEEES--HHHHHHHHHHHHHHHT--HHHHHHHHHHHHHHHHHHHHHHHHHHHHHHTTT----HHHHHHHHHHHHT---EEEEEEEEEE-TTEEEEEE--HHHHHHHHTT----HHHHHHHHHHHHHHHHHHHHHHHHHHHHHHHHT---T-,1vh4
-EEEEEEEEHHHHHHTTT-EEEEEEEEEEE--TT----EEEEEE---S----EEEHHHHEEEEEETT-HTEEEE-TT-EEEEEEEEETTEEEE--TTEEEEEEEEEE--THHHHEEEEEEETTT-EEE-HHHHHHHHHHH----EEEHHHHHHTTT-EEEEEEEEEEE--TT----EEEEEE---S----EEEHHHHEEEEEETT-HTEEEE-TT-EEEEEEEEETTEEEE--TTEEEEEEEEEE--THHHHEEEEEEETTT-EEEHHHHHHHHH-,1vh5
EETT----TT--HHHHHHHHHHHHHHHHHHHHHHHHHHHHHH---GG------TT-EEEEEEES--THHHHHHHHHHHHHHHEEEEEE-EEEEEEETTTTHHHHHHHHHHHHHHHHHHHHHHTT--EEEEEEEE-HHHHHHHHHHHHTT--EEEEEEEEEEEEEE--HHHHHHHHHHHT---EEEEEEE-HHHHHHHHHHTT---EEEEESHHHHHHHHHHHHHHHTTT------HHHHHHHHHHH--EEEEETTHHHHHHHHHHHHHHHHHHHHHHHHHHHHHHHHHHHHHHHHHHHHHHHHH-,1vhn
--EEEEEEEEET-TTHHHHHHHHHHHHHHHTT--EEEEE---HHHHHHHHHHHHH--HHHHHHHHHHHHHHTT-EEEEE--HHHHHHHHHHHTHHHHHHHHHHHHHTT----HHHHHHHHHHHT--TT---EEEEEEEEEEE--TS--EEEEEES-S-HHHHHHHHHHT-------EEEE-TTT-EEEHHHHHHHHHHHHHHHHHHHHHHHHHHHHHHTT--EEEEEET-TTHHHHHHHHHHHHHHHTT---EEEE---HHHHHHHHHHHHH--HHHHHHHHHHHHHHTT-EEEEE--HHHHHHHHHHHTHHHHHHHHHHHHHTT----HHHHHHHHHHHT--TT---EEEEEEEEEEE--TS--EEEEEES-S-HHHHHHHHHHT-------EEEE-TTT-EEEHHHHHHHHHHHHHHHHHHHHHHHHHHH-,1vhq
--EEEEEEET---TTHHHHHHHHHHTT-EEE--HHEEEEE--TT--HHHHHHHHHT--EEEHTHHHHHHHHHHHHHT-HHHHHHHHHHHHHHHHHHHHHHHHHHT---EEEEEHHHHHHHHHHHTT-EEEEEE-HHHHHHHHHHHH--HHHHHHHHHHHHHHHHHHHHHHHHHHHTTT-HHHHHHHHHHHHHHHHHHHHHHH----HHHHHHHHHHHT--TTTHHHHHHHHHHTT-EEE--HHEEEEE--TT--HHHHHHHHHT--EEEHTHHHHHHHHHHHHHT-HHHHHHHHHHHHHHHHHHHHHHHHHHT---EEEEEHHHHHHHHHHHTT-EEEEEE-HHHHHHHHHHHH--HHHHHHHHHHHHHHHHHHHHHHHHHHHTTT-HHHHHHHHHHHHHHHHHHHHHHH----HHHHHHHHHHHT--TTTHHHHHHHHHHTT-EEE--HHEEEEE--TT-HHHHHHHHHHHHHHHTTHEEEEEE--HHHHHHHHHHHHHHT--EEEEEEEHHHHHHHHHHTT-EEEEEE-HHHHHHHHHHHH--HHHHHHHHHHHHHHHHHHHHHHHHHHHTTT-HHHHHHHHHHHHHHHHHHHHHH-------,1vht
HHHHHHHHHHHHHHHHHT-HHHHHHHHHHHT--TT-EEEEEE-STHHHHHHHHHHHHHH-EE--HHHHHHHHHHHHHHHHHHHHHHHHHHHHTHHHHHEEEHHH--HHHHHHHHHHHHHHHHHHHHHHHHHHHHTT--HHHHHHHHHHHHHHHH--THHHHHHHHHHHHHHHHHHHHHEHHHHH--TS----HHHHHHHHHHHHHHT-HHHHHHHHHHHT--TT-EEEEEE-STHHHHHHHHHHHHHH-EE--HHHHHHHHHHHHHHHHHHHHHHHHHHHHTHHHHHEEEHHH--HHHHHHHHHHHHHHHHHHHHHHHHHHHHTT--HHHHHHHHHHHHHHHH--THHHHHHHHHHHHHHHHHHTHHEHEHHHE---,1vi0
-----HHHHHHHHHHHHHHHHHHH--HHHHHHHHHHHHHHTT-EEE--THHHHHHHHHHHHHHHTT-EEEEEEEEEEEEE---EEEEEEEEEEEEEEEEEEE---H-TT-EEEEEEEE--HHHHHHHHHHHHHHHHHHHHHHHHHHHHHHHHHHHHHHHHHHHHHHHHHHHHHHHHHHHHHHHHHHHHHHT---HHHHHHHHHHHHHHHHHHH--HHHHHHHHHHHHHHTT-EEE--HHHHHHHHHHHHHHHHTT-EEEEEEEEEEEEE---EEEEEEEEEEEEEEEEEEE---H-TT-EEEEEEEE--HHHHHHHHHHHHHHHHHHHHHHHHHHHHHHHHHHHHHHHHHHHHHHHHHHHHHHHHHHHHHHHHHHHHHHT---HHHHHHHHHHHHHHHHHHHH--HHHHHHHHHHHHHHTT-EEE--HHHHHHHHHHHHHHHHTT-EEEEEEEEEEEEE---EEEEEEEEEEEEEEEEEEE---H-TT-EEEEEEEE--HHHHHHHHHHHHHHHHHHHHHHHHHHHHHHHHHHHHHHHHHHHHHHHHHHHHHHHHHHHHHHHHHHHHHHT---HHHHHHHHHHHHHHHHHHHH--HHHHHHHHHHHHHHTT-EEE--HHHHHHHHHHHHHHHHTT-EEEEEEEEEEEEE---EEEEEEEEEEEEEEEEEEE---H-TT-EEEEEEEE--HHHHHHHHHHHHHHHHHHHHHHHHHHHHHHHHHHHHHHHHHHHHHHHHHHHHHHHHHHHHHHHHHHHHHT-,1vim
-HHHHHHHHHHHHHHHHHHHHHHHHHTTT-EEEEEEEE--TS--TT-EEEEEEEEEEETTSEEEEEEEEEEEEEEEEEEEEEEEEE-TS--S------HEEEEEEEETT---EEEEE-------EE--EEEEHHHHHHHHHHH-TTT-EEEEETT-EEEEEEEEEEE-HTT--EEEEE--TTT---HHHHHHHHHHHHHHHHHH-HHHHT-TT---HHHHHHHHHHHHT--EEEEEEEEEEEEEEE-TTT--HEEEEE--TT-EEEEEEE--TS-HHHHHHHHHHHHHHHH-T---HHHHHHHHHHHHHHHHHHHHHHHTTT-EEEEEEEE--TS--TT-EEEEEEEEEEETTSEEEEEEEETT-EEEEE-EEEEEEEEEE-TS--S------HEEEEEEEETT---EEEEE-------EE--EEEEHHHHHHHHHHH-TTT-EEEEETT-EEEEEEEEEEE-HTT--EEEEE--TTT---HHHHHHHHHHHHHHHHHH-HHHHT-TT---HHHHHHHHHHHTT-EEEEEEEEEEEEEEEEETTT--HEEEEE--TT-EEEEEEE--TS-HHHHHHHHHHHHH---,1vju
H------EEEETTEEEEE-HHHHHHHHHHHHHHHHHT--TTG----TT---HHHHHHHHHHHHHHHHHHHHHHHHHHHHHHHHHHHHHHHHHHHHHHHHHHHHHHHHHHHHT--EEEEEEE----HEEEEEEEHHHHHTH-EEEEET---T-EEEEEE-HHHHHHHHHHHHHHHHHHHHHHHHEHH-TT--EEEEEEEEEEEEE---THHEEEEEEEE----E-HHHHHHHHHHHHHHHHHHHHHHHHHHT-T-----HHHHHHHHHHHHHHHHHHHHHHHHT----E-TT---T-EEEEEEEEE-TSTSTTHHHHHHHHHHHHHTT-EEEE-TTHHHHHHHHHHHHHTT------EEEEEEEEET-,1vjv
--EEEEEEEEEE---HHHHHHHHHHHHHHH-----EEEEEEEHHH---T--EEEEEETTHHHHHHHHHH----HHHEEEEEETEEEEEEEE-EE-HHHHHHHHHHHHTT-EEEE-HHHHHHHHHHT--EEEEEEEEEE--TTHHHHHHHHHHHHHHHHHHHHHHHHHHHHHHHHHHHHTT-EEEEEEEE-S-HHHHHHHHHTT-EEEEEEEEEEEEEE-TEEEEE-----,1vk1
HHHHHHHHHHH--EEEEEEEEEEEEEE--EEE-TT-----HHHHHHHHHHHHH--HHHHEEEEEEEEETTS-HHHHHHHHHEEHHHHHHHHHHHHHHHHHHHHHHHHHHHTT--EEEEEEEEEEEEEE--EEE-TT-----HHHHHHHHHHHHH--HHHHHEEEEEEEETTS-HHHHHHHHHEEHHHHHHHHHHHHHHHHHHHHHHHHHHHTT--EEEEEEEEEEEEEE--EEE-TT-----HHHHHHHHHHHHH--HHHHHEEEEEEEETTS-HHHHHHHHHEEEHHHHHHHHHHHHHHHHHHHHHHHHHHTT-EEEEEEEEEEEEEEEE--EEE-TT-----HHHHHHHHHHHHH--HHHHEEEEEEEEETTS-HHHHHHHHHEEHHHHHHHHHHHHHHHHHHHHHHHHHHHTT--HEEHHHHHHHHHHHHHHHHEEEEEEEEE-----EE-TT----HHHHHHHHHHHHHH--HHHHHEEEEEEEETTS-HHHHHHHHHEEEHHHHHHHHHHHHHHHHHHHHHHHHHHTT-EEEEEEEEEEEEEEEE-EEEE-TT-----HHHHHHHHHHHHH--HHHHEEEEEEEEETTS-HHHHHHHHHEEHHHHHHHHHHHHHHHHHHHHHHHHHHHH-,1vke
HHHHHHHHHH-T--------EEEEEEETTT--EEEEEEEE-TTT-EEEEEEEEEEE----HHHEEEEEEETTTEEEEE-TTTHEEEEETT--HEEEEEEHHHHHHHHHHHHHHHHT-EEEEEETSEE--EEEEEETT-EEEEEEEE--HHHHHHHHHHH-HHHHHHHHHHHHHHHHHHHHHH-T--------EEEEEEETTT--EEEEEEEE-TTT-EEEEEEEEEEE----HHHEEEEEEETTTEEEEE-TTTHEEEEETT--HEEEEEEHHHHHHHHHHHHHHHHT-EEEEEETSEE--EEEEEETT-EEEEEEEE--HHHHHHHHHHH-HHHHHHHHHHHHHHHHHHHHHH-----------EEEEEEETTT--EEEEEEEE-TTT-EEEEEEEEEEE----HHHEEEEEEETTTEEEEE-TTTHEEEEETT--HEEEEEEHHHHHHHHHHHHHHHHT-EEEEEETSEE--EEEEEETT-EEEEEEEE--HHHHHHHHHHH-HHHHHHHHHHHHHHHHHHHHHH-----------EEEEEEETTT--EEEEEEEE-TTT-EEEEEEEEEEE----HHHEEEEEEETTTEEEEE-TTTHEEEEETT--HEEEEEEHHHHHHHHHHHHHHHHT-EEEEEETSEE--EEEEEETT-EEEEEEEE--HHHHHHHHHHHHHHHHHHHHHHH-,1vkf
-HHHHHHHHHHHHHHT---EEEE---EEEEEEEE-HHHHHTT---TEEEEE-TTTTEEEEEEETT-EEEEEEEHHEEEEEEEEETT-HHHHEHHHH--TT-EEEEEEE-TTT--EEEEE-HHHHHHHHHTT------T-HHHHHHHHHHHHHHHT---EEEEEE-TSHHHHHHHHHHHHHHT---EEEE---EEEEEEEE-HHHHHTT---TEEEEE-TTTTEEEEEEETT-EEEEEEEHHEEEEEEEEETT-HHHHEHHHH--TT-EEEEEEE-TTT--EEEEE-HHHHHHHHHTT------T-HHHHHHHHHHHHHHHT---EEEEEE-,1vki
EEEE--HHHHHHHHHHHHHHHT--EEEEEEE-TTHHHHHHHHHHHT--GGGH--E-----EEEEEEEEEEEETTS-EEEEEEEEEE--TTS-HHHHHHHHHHHHHHHEEEEEEEEEHHH--HHHHHHHHHHHHHHH-,1vkk
HHHHHHHHHHHHHHHHHHTT--T--EEEEEEE---EEEEEEEEEEEEEE------EEEEEEEETTTE-HHHHHHHHEEEEHHHHHHHHHHHHHHHHHHHHHHHHHHHHHHHHHH-T-EEEEEE-TTT-EEEEE-HHHHHHHHHHHHHHHHHHHTT--T--EEEEEEE---EEEEEEEEEEEEEE------EEEEEEEETTTE-HHHHHHHHEEEEHHHHHHHHHHHHHHHHHHHHHHHHHHHHHHHHH--T-EEEEEE-TTTEEEEEE--,1vl7
------------HHHHHHHHHHHHHHHHHHHT--HGGHHTT--HHHHHHHHHHHHHHHHHHHTT---EEEEEEEETTTEEEEEEEE-TS-HHHHHHHHHHHHHEEEE---HHHHHHHHHHHHHHHHHHT-------HHHHHHHHHHHHHHHHH--TTTEEEEEEHHHHHHHHHHHHHHHHHHHHHHHHHHHHHTT--HHHHHTTT-EE-HHHHHHHTTT--EETTEETTHHEEEEEEE-THHHHHHHHHHHHTTT--TTT--EEEEEEEEEEEEEEEEEEEEETTT-EEEEEEEEE----HHHHHHHHHTTEEEEE-------,1vly
-HHEEEEEEEEETTS-HHHHHHHHHHHHHHHHHHHHHHHHHHHHHHHHHHHHHHHHHTTT-EEEEEEEE-TSHHHHHHHHHHH-HHHHHEHHHHH--THHHHHHET-,1vmb
HHHHHHHHHHHHHHHHHTT---TT-EEEEEEEHHHHHHHHHHHHHHH-HHHHHHHH-HEEEHHHHHHHHHHHHHHHHHHHH--,1vmg
EEEEEEE-TTHHEEEHHHHHHHHHHTT----EEEEEEEEEEEEEEEEEET--TT-HHHEEHHHTGG---T-EEEEEETT--EEEEEEEEET-EEEEEETEEEEEEETTEEEEEEEE--TTTEEEEEE-,1vmh
-T--EEEEEE-TT----HHHHHHHHHHHHHHT--EEEEEEE-HHHHHHHHHHHTT-EEEEEEEEEEEEEETT----HHHHHHHHHHHHHHHHHHHHHHHHHHHHHHHHH--HHHHHHHHHHHHHHHTT--EEEEEEEEEE-TT----EEEHHHHH--TT---EEEEE-TTGTT---T-EEEEE---T---,1vp8
-----EEE-TEEEEEEE--TT-TT---HHHHHHHHHHHHHHHHHHHHHHT--EEEEEEEEEEE-TTEEETT-EEEEEEEEEE-EEEEEEEEEEEEEEEEEEEEEEEEEEEEEEEEE-TTS------------HHHHHHHHH-----HHHHHHHHHHT--HEEEHEEEEEEE--TT-TT--HHHHHHHHHHHHHHHHHHHHHHHT--EEEEEEEEEEE--TEEETTEEEEEEEEEEEEEEEEEEEEEEEEEEEEEEEEEEEEEEEEEEEEE-TTS------------HHHHHHHHH---E---HHHHHHHHH--HHHHH-EEEEEE--TT-TT--HHHHHHHHHHHHHHHHHHHHHHHT--EEEEEEEEEEE--TEEETTEEEEEEEEEEEEEEEEEEEEEEEEEEEEEEEEEEEEEEEEEEEEE-TTS------------HHHHHHHHH---EE--H---,1vpm
HTEE-TTTT-HHHHHHHHHHHHHHTT---TT---H-HHTTT--HHHHHHHHHHHHHHHHHHHHHHTT---T------GG--TTTHHHHHHHHHHHHHHT-T-EEEEETTT---HHHHHHHHHHHHHH-TT--EEEEEE------TT---TT---TT--GTT--EEEE-HHHHHHHHHHHHTT---EEEEEEEEEE-----T-EEEEEEETT------HHHHHHHHHHHHHHTTEEEE-EEE-T--EEEEEEE-TT-EEEEEEEEETTT-EEEEEEEEEEEETEEEEEEEEEETTEEEEEEEEE-TS-TTS-------HHHHHHHHHTT----TT---HHHHHTT----T--,1vpr
EEEEEET-HEEEEEE-TTT-----HHHHHHHHHHHHHHHHHEEHHHHHHHHHHHHHT--TTEEEEEEESSTHHHHHHHHHHHHHH-EEEEEEEEESS-S-HHHHTHHHHHHHHHHHHHHHHHHHH-EE-T-EEEEEE--SS-HHHHHHHHHHHHHHEEEEE--H----------HHHHHHHHH--TTT-EEEE-------EEEEEEEEE-T---EHHHHHHHHHHHHHHHHHHHHHHHHT-E----S--HHHHHHHHHHHHHHHHHTTT-HHHHHHHHHHHHHHHHHHH--,1vpt
-HHEHHHTT--HHHEHHHHHHHHHHHTEEEETTTEEEEEE-TT-HHHHEEHHHHHTTT-EEEEEEEEEE-HHHHHHHHHHT---EEEE-TT-EEEEEEEEEEEEEEEEE-TS--HHHHHHHH-TT-HHHHHHEEES-THHHHHHHHHHHHHHTT---TT-EEEEETT-EE-T----T--EEEEEEETEEEEHHHHHHHHHHHHHHHHHHHHHHHHHHHHHHHHH--T---TT-T---EEEEHHHHHHHHHHHHTT----EEEE-HHHHHHHHHHHHTT--TT-HHHHHHHHHHHHHHHHHHHTT-----HHHHHHHHHHHHHHHHHHHHHHHH-----EETEEEEEEEEEE-TS-TTHHEHHHHHHHHHTT-----EEEHHHHEEEEHHTTTEEEEE-TT-HHHHHHHHHHHHHHHHHHTT--EEEE-TTT-EEEEEEEEEEEEEETEEEEEEE-TT--EEEEEEEEEEEEEEE--TTEEEEEEETT--EE---GG-EEE-T---T-EEEEE--HHHH-HEE-TT-EEEEEEEEEEEEEE--TT--HHHHHHHHHHHT--HHEEEEEETTEEEETT-EE--HHHHHHHHHHHHHHHTT--EE-----TT-HHHHHHHHHHT--E----HHHHHHHHHT--HHHHHHHHHHHHHHHTEEEETTTEEEEEE-TTHHHHHEEHHHHHTTT-EEEEEEEEEE-HHHHHHHHHHT---EEEE-TT-EEEEEEEEEEEEEEEEE-TS--HHHHHHHH-TT-HHHHHHEEES-THHHHHHHHHHHHHHTT---TT-EEEEETT-EE-T----T--EEEEEEETEEEEHHHHHHHHHHHHHHHHHHHHHHHHHHHHHHHHH--T---TT-HHHHHHHHHHHHHHHHTT----EEEE-HHHHHHHHHHHHHT--TT-HHHHHHHHHHHHHHHHHHHTT-----HHHHHHHHHHHHHHHHHHHHHHHH-----EETEEEEEEEEEE-TS-TTHEEEHEEHHHHHTT-----EEEHHHHEEEEHHTTTSEEEEEE,1vqq
-----HHEEEEEEEE-TTT--HHHHHHHHHHHHHEHHHHHHHHHHHHHHHHT---EEEEEEE----HHHHHHHHHHHH-TT--HHHHHHHHHHHHHHHHT-------EEEE-----HHHEEEEEEHHTTT---HHHHHHHHHHHHEHHHHHHHHHHHHHHHHT---EEEEEEE----HHHHHHHHHHHH-TT--HHHHHHHHHHHHHHHHT------HHHHGG---HHHHEHHHHHHHTT--HHHHHHHHHHHHHHHHHHHHHHHHHHHHHHT---EEEEEEE----HHHHHHHHHHHH-TT--HHHHHHHHHHHHHHHHT------HHHHGG---HHHHEHHHHHHHTT--HHHHHHHHHHHHHHHHHHHHHHHHHHHHHHT---EEEEEEE----HHHHHHHHHHHH-TT--HHHHHHHHHHHHHHHHT------HHHHGG---HHHHEHHHHHHHTT--HHHHHHHHHHHHHHHHHHHHHHHHHHHHHHT---EEEEEEE----HHHHHHHHHHHH-TT--HHHHHHHHHHHHHHHH--------T--,1vqs
HHHHHHEEEEEHH--HHHHHHHHHHHHHHHHHHHHTT-EEEEEEEEEEE-ETEEEEEEEEETTEEEEE-HHHTHEEEEHHE-TT---HHHHHHHHHHHHHHHHHHEHHHHTT-HHHEEE---HHHEHEEEEEEE--HHHHHHHHHHHHHHHHHHHHTT-EEEEEEEEEEE-ETEEEEEEEEETTEEEEE-HHHTHEEEEHHE-TT---HHHHHHHHHHHHHHHHHHHHHHHTTHHT-,1vr7
EE-------TT-EE--HHEEEEEEEHHHHHHHHHHHHT-----TTEEEEEEEE---EEEEEEETTHHHHHHHHHHT-EEEEEEET-T--EEEEEEETTEEEEEEETT-EEEEEEE-TS-HHHHHHHHHHHHHHH-,1vr8
HHHT-HHHHHHH-,1vrz
HHHHHHHHHHHT--EEEEEEE-S-TT---EEEEEEEEEEEEEEEEEE---EEEEEE---HHHHHHHHHT--EEE-HHHHHHHHHHT-EEEEEEEE--TTHHHHHHHHHHHHHHHHHHHTTHHHHHHHTHHEEE-,1vsr
----EEEEEEEEETTHHHHHHHHHHHHHHHHH-TTT--HHHHHHHH-TT--EEEEEEEEEEETTT-EEEEEEEEEEETTTT---EEEEE-TTT-EEEEEEEEEE-EEEEEEEE-TSTS-HHHHHHHHHHHHHHHTT-EEEEEEEE--HHHHHHHH------HHHHHHHHHHHHHHHHHHHHH-TT--EEEEEE-SS--HHHHHHHHHHHHHHHHHHHHHEEEEEE-THHHHHHHHHHHHHHHHHHHHHHHHHHHHHHHHHHHHHH-TTT--HHHHHHHH-TT--EEEEEEEEEEETTT-EEEEEEEEEEETTTT---EEEEE-TTT-EEEEEEEEEE-EEEEEEEE-TSTS-HHHHHHHHHHHHHHHTT-EEEEEEEE--HHHHHHHH------HHHHHHHHHHHHHHHHHHHHH-TT--EEEEEE-SS--HHHHHHHHHHHHHHHHHHHHHEEEEEE-T--EEEEEE-,1vyb
EEEE--THHHHHHHHHHHHHHHHHHHHH----HHHHHEEEEEEHHH--HHHHHHHHHT-THEEEEEETTTT--HHEEEEEEEE-TT-HHHHHHHHHHHHHHHHHHHHH---,1vyi
--EEEEE-------T--EEEEE---HHHHHHHHHHHHHHHHHHEEEE------HHHHHHHHHHHHHEEEEEEEE---THHHHHHHHHHHHHT-TGHHHHHHHH----HHHHHHHT-HHHHHHHHHHHH-,1vyk
HHHHEE-EETT----T-EEEE--HHHHHH--TT----HHHHHHHHHHHHHHHHHHHHHHHHHHHHT-T---TT--HHHHHHHHHHHHT--EETEEEEEEEEEEEEE----E--TTS--EEEEEEEEEEEEEEE-TTS-EEEEEE---EEEE-TT-THHHHHHHHHHHHHHHTT--EEEEEHHHHHHHHHHH---------TTT-HHHHHHHHHHHHHHHHHHHHTT--EEEEEEEEEEEEETTT----HHHHHHHHHHHHHHH-EEEE--GGGHHTT--HHHHHHHHHHHHHT-EEEE---HHHHHHHHHHHHHHHHHHHHHHHHHHHHHHHHHHHHHHH--TT--G-EE-----T-----T-,1vyr
HHHHHHHEE-EEEEEEE-----HHHHHHHHHHHHHHH----HHHEEEEEEEEEEEEEE-----HHHHHHHHHHHHHHHH--HHHHHHHHH-EEEE-EE----HHHHHHHHHHHHHHHH-----,1vzm
---EEEEEEEEEEEEEEETTS--G---EEEEEEEEEEEEEEEEEETEEEEEE----T-EEEEEEEEEE-HHHHHHHHHHHHHHHHHHHHHHHHHHHHT---HHHHHTT----HHHHHHHHHHHHHHH--HHHHHHHHHHHHHHHHTT---HHHHHHHHHHHTT---TS--TTS--TTHHHEEEEEHHHHTT--EEEHHH-,1w0h
EHEHHHTH----EEEEEEEEEEEEEEEEEEE-EEEEEEEEEETTT--EEEEEE---T-EEEEEEEEEEEEEEEEEEES---HEEEHHT---------EEEEEE-TTS---EEEEEEEEE-,1w0n
EEE--T--T---E--HHHTT----T-----EEEE-TTT--EEEEEEETT-EEEEEEEEEEEEEEEEEEEEEEEEEEEEEEEEEEEEEETTT-EEEEEEEEE-TTS-EEEEEEEETT-EEEEEEEEEEEEEEEEEEEETTS--EEEEEEETEEEEEEEEEEE--T-EEEEEEEEEETTT-EEEEEEEEEEEEEEEEEETTS--EEEEEEEETTEEEEEEEEEE-TS-TTE-E---EEEEEEETTTSEEEEEEEEE-EEEE--HEE-T--T-----TTT-EEEEEEE---T-HHTTT-EE----TT-EEEEEEEETTSEEEEEEE--T----EEEEEEE-TT-EEEEE----EE---TT-T-EEEEEET--EEEEEEET--EEEEEEEE-TT-EEEEEETT---EEEEEE-TS-HHHHHHHHHHHHHHHT--EEEEEEEEEEEEEEE---TTEEEEEEEEEEETTEEEEEEEEEETTT-HHEHHHHHHHHHS-HHHHHHHHHHHHEEEEE-T-EEEEEEE-----TTT-EEEEEEEEEEEETTT-EEEEEEEEEEEEEEEEEEEE-TTS-EEE----S--EEEEEEEEEE-T---HHHHHHHHHHT-EEEEEEEHHHHHHTT-----HHHHHHHTT--EEEEEE-TT-EEEEEEEEEEEEEEEEEEE-TTT-EEEEEEE-TS--T---TE-EEEEEEEEETTEEEEEEEEE-TT-HHHHHHHHHTTT-EEEEEEEETTSEEEEEEHHHHHHEEH-,1w0p
HHHHHHHH---T--EEEEEEE--THHHHHEEEHTTS---HHHHHTEEEEEE----HHHHHHHHHHHHHHHTT-EEEEE--TGGEHTTT---HHHH-HH---EEEEEEE----EEEEE-TTS-HHHHHHHHHHHHHHHHHH-TT-EE---TTHHHHHHHH---TT-EEEEEEE--THHHHHEEEHTTS---HHHHHTEEEEEE----HHHHHHHHHHHHHHHTT-EEEEE--TGGEHTTT---HHHH-HH---EEEEEEE----EEEEE-TTS-HHHHHHHHHHHHHHHHHHHHHHHHHHHHHHHT---TT-EEEEEEE--THHHHHEEEHTTS--HHHHHHTEEEEEE----HHHHHHHHHHHHHHHTT-EEEEE--TGGEHTTT---HHHH-HH---EEEEEEE----EEEEE-TTS-HHHHHHHHHHHHHHHHHHHHHHT---T--EEEEEEE--THHHHHHEHHTTS--HHHHHHTEEEEEE--H-HHHHHHHHHHHHHHHTT-EEEEE--TGGEHTTT---HHHH-HH---EEEEEEE----EEEEE-TTS-HHHHHHHHHHHHHHHH-,1w1h
EEEEEEE----TG---HHHHHHHHHHHHTT-HHHEEEEE-TTS--HHHHHHHHHHHHHHHHHTTT-EEEEEEEEEEEEEEEEEEEEEEEET--TTEEEEEE--HHHHHHHHHHHHHHHEEEE----EEEE------E--TT-EEEEEEETSEETT---T---HHHHHHHHHHHHHHEEE------HHHHHHHHHHHH---T-EEEEEEEEEEEEEEEE---EEEEEEEEEEE-TTTTS--HHHHHHHHHHHHHHHHHHHHHHHHHHHHHHHHHHHHHHHTTT-EEEEEEETT--EEEEEEEEET-HHHHHHHHHHHHHHT--EE-T---T----EEEEEEE--HHHHHHHHHHHHHHHT--EEEEEE-S--TG--HHHHHHHHHHHHHTT-HHHEEEEE-TTS--HHHHHHHHHHHHHHHHHTTT-EEEEEEEEEEEEEEEEEEEEEEEET--TTEEEEEE--HHHHHHHHHHHHHHHEEEE----EEEE------E--TT-EEEEEEETSEETT---T---HHHHHHHHHHHHHHEEE------HHHHHHHHHHHH---T-EEEEEEEEEEE------EEEEEEEEEE-TTTTS--HHHHHHHHHHHHHHHHHHHHHHHHHHHHHHHHHHHHHHHTTT-EEEEEEETT--EEEEEEEEET-HHHHHHHHHHHHHHT--EE-T---T----EEEEEEE--HHHHHHHHHHHHHHHH-,1w23
--HEEEETETEEEEEEEEEEEEEEEES-HHHHHHHHHHHHHHTT---EEEEEEEETHHHHHHHHHHHHT---EEEEEE-TT-HHHHHHHHHHHHT------HHHHHHHHH-TTS--HHHHHHHHHHH---HHHHTTEEHHHHTTEEEEEEEETTS---EEEEE---HHHHHHHHHHHHHHHHHHHHHHHHHHHHHHHHHHHHHHHHHHHHTT-EEEEEE-T--TT-EEEEEES-----TTTEEEEEE---TT---THHHHHHHHHHHEHEEE-H-HHHHHHHHHHHHTT---EEEEEES-HHHHHHHHHHHHHHTT---EEEEEEEETHHHHHHHHHHHHT---EEEEEE-TT-HHHHHHHHHHHHT------HHHHHHHHH-TTS--HHHHHHHHHHH---HHHHTTEEHHHHTTEEEEEEEETTS---EEEEE---HHHHHHHHHHHHHHHHHHHHHHHHHHHHHHHHHHHHHHHHHTHHTT-EEEEEE-T--TT-EEEEEES-----TTTEEEEEE---TTS--THHHHHHHHHHHHHHEEHHT-,1w2f
-----HHHHHHHHHHHHHHHHHHHGTT-----HT-EEE-EEE----TT--EEEEEEEEEEEEEEEEEETTEEEEEEEE--HHHHHHHTT-EEEEET--HHHHHHHEEEEEEEEETEEEEEEE--EEE-T--T-TTHEEEEEE-TT--EEEEEEEE-TTTSEEEEEETS-EEEEEEEEE-EEEEEE-T-EE---HHEETTEE--TTEEEEETT--EEEHHHHHHHEEHHHHTT--T-EEEEEEEEEEEEEEEEEEEEEEE-TTHEEEEEEEE-S--EEEEEEHHHHHHHHHHHH---T---EEEEEEEEEHHHHHHHHHHHHHHHTT------HHHHHHHHHHHHHTTT-EEEEE---EEEEEEE--HHHHTT----TTHHHHHHHHHHHTT---HEEEEEEE-TS--HHHHHHHHHHHHHHHHHHHGTT-----HT-EEE-EEE----TT--EEEEEEEEEEEEEEEEEETTEEEEEEEE--HHHHHHHTT-EEEEET--HHHHHHHEEEEEEEEETEEEEEEE--EEE-T--T-TTHEEEEEE-TT--EEEEEEEE-TTTSEEEEEETS-EEEEEEEEE-EEEEEE-T-EE---HHEETTEE--TTEEEEETT--EEEEEEEEEEEEEEETT--T-EEEEEEEEEEEEEEEEEEEEEEE-TTHEEEEEEEE-S--EEEEEEHHHHHHHHHHHH---T---EEEEEEEEEHHHHHHHHHHHHHHHTT------HHHHHHHHHHHHHTTT-EEEEE---EEEEEEE--HHHHTT----TTHHHHHHHHHHHTT---HEEEEEEE-TS--HHHHHHHHHHHHHHHHHHHGTT-----HT-EEE-EEE----TT--EEEEEEEEEEEEEEEEEETTEEEEEEEE--HHHHHHHTT-EEEEET--HHHHHHHEEEEEEEEETEEEEEEE--EEE-T--T-TT-EEEEEE-TT--EEEEEEEEETTTSEEEEEETS-EEEEEEEEE-EEEEEE-T-EE---HEEETTEE--TTEEEEETT-EEEE-GGG,1w2w
